time, concentration
3600.1, 9.174795902886685e-06
7200.1, 0.0003823554531935118
10800.1, 0.002610280632298972
14400.1, 0.013092016460324013
18000.1, 0.016680225189616562
21600.1, 0.012441948297318754
25200.1, 0.009712391203922418
28800.1, 0.007227137063887275
32400.1, 0.005717717625804622
36000.1, 0.006998187716568498
39600.1, 0.010483914664301054
43200.1, 0.011750745662700679
46800.1, 0.013827592744592995
50400.1, 0.01738100611417332
54000.1, 0.0286041577432244
57600.1, 0.06528114679738124
