time, concentration
3600.1, -2.9129663675247227e-09
7200.1, -3.509182978893241e-08
10800.1, -2.3949707344815533e-05
14400.1, -0.0005854362179226937
18000.1, -0.0003160139805813725
21600.1, -0.00023059064564375387
25200.1, -9.331738349138662e-05
