time, concentration
3600.1, 9.614832151619781e-06
7200.1, 0.00042034028621215375
10800.1, 0.003006619013959134
14400.1, 0.016198351463799162
18000.1, 0.020931237636190033
21600.1, 0.017146883506875356
25200.1, 0.014707039197161226
28800.1, 0.0113886185601255
32400.1, 0.00955794807497556
36000.1, 0.011548419296747554
39600.1, 0.014883214329297645
43200.1, 0.01261375536715572
46800.1, 0.013197136192508535
50400.1, 0.01575456156835451
54000.1, 0.022131442438716092
57600.1, 0.033961327812484135
