time, concentration
3600.1, 9.617713762990514e-06
7200.1, 0.0006355421630706618
10800.1, 0.007522100752088174
14400.1, 0.12074657628374935
18000.1, 0.09141104895500249
21600.1, 0.061939135502505446
25200.1, 0.06732439470575284
28800.1, 0.047328494275668084
32400.1, 0.021913631832060552
36000.1, 0.06248666306297666
39600.1, 0.3925099665526226
43200.1, 0.03329153736586276
46800.1, 0.04059534834613515
50400.1, 0.14450251549671742
54000.1, 0.041729161994074754
57600.1, 0.033496786266482954
